nonredundant_name	original_name	annotation_name	size	SRGs	classification
A30:HTR1	Pbialowiezense.A30_JAKZFB010000001:3271000-3830000	A30:HTR13	559001	;CRG	Neither
A30:HTR2	Pbialowiezense.A30_JAKZFB010000003:0-219000	A30:HTR62	219000	;PLP;PLP	Neither
IBT35665:HTR1	Pbrevicompactum.IBT35665_JAPZBP010000001:0-1451000	IBT35665:HTR1	1451000	;DUF3435;DUF3435;DUF3723;DUF3435;DUF3723;DUF3435;DUF3723;DUF3723;DUF3435;DUF3723;DUF3723;PLP;PLP;CRG;PLP;CRG;PLP;PLP;PLP;PLP	DUF3435
IBT35665:HTR2	Pbrevicompactum.IBT35665_JAPZBP010000001:5132000-6153000	IBT35665:HTR22	1021001	;DUF3435;DUF3723;DUF3723;DUF3723;MYB/SANT;DUF3435;PLP;PLP;CRG;CRG;CRG;PLP	DUF3435_MYB/SANT
IBT35665:HTR3	Pbrevicompactum.IBT35665_JAPZBP010000003:996000-1831000	IBT35665:HTR42	835001	;DUF3435;MYB/SANT;DUF3723;DUF3723;DUF3435;DUF3435;DUF3435;PLP;CRG;PLP;CRG;CRG	DUF3435_MYB/SANT
IBT35665:HTR4	Pbrevicompactum.IBT35665_JAPZBP010000004:742000-1186000	IBT35665:HTR53	444001	;MYB/SANT;DUF3723;DUF3435	DUF3435_MYB/SANT
IBT35665:HTR5	Pbrevicompactum.IBT35665_JAPZBP010000004:2206000-2436000	IBT35665:HTR59	230001	;MYB/SANT	MYB/SANT
IBT35665:HTR6	Pbrevicompactum.IBT35665_JAPZBP010000004:3340000-5084571	IBT35665:HTR64	1744572	;DUF3723;MYB/SANT;DUF3723;DUF3723;PLP;CRG;CRG;PLP;PLP;PLP	MYB/SANT
IBT35665:HTR7	Pbrevicompactum.IBT35665_JAPZBP010000005:0-892465	IBT35665:HTR65	892465	;DUF3723;DUF3435;DUF3723;DUF6066;DUF6066	DUF3435
IBT35665:HTR8	Pbrevicompactum.IBT35665_JAPZBP010000006:1787000-1965000	IBT35665:HTR75	178001	;CRG	Neither
IBT35673:HTR1	Pbrevicompactum.IBT35673_JAPZBQ010000001:1820000-2000000	IBT35673:HTR9	180001	;CRG	Neither
IBT35673:HTR2	Pbrevicompactum.IBT35673_JAPZBQ010000002:4185000-4981194	IBT35673:HTR50	796195	;DUF3723;DUF3723;DUF3435;PLP	DUF3435
IBT35673:HTR3	Pbrevicompactum.IBT35673_JAPZBQ010000003:1505000-1823000	IBT35673:HTR57	318001	;MYB/SANT	MYB/SANT
IBT35673:HTR4	Pbrevicompactum.IBT35673_JAPZBQ010000004:1490000-1723000	IBT35673:HTR97	233001	;MYB/SANT	MYB/SANT
IBT35673:HTR5	Pbrevicompactum.IBT35673_JAPZBQ010000004:2640000-3085254	IBT35673:HTR103	445255	;DUF6066	Neither
IBT35673:HTR6	Pbrevicompactum.IBT35673_JAPZBQ010000005:2475000-3020000	IBT35673:HTR117	545001	;DUF3435;DUF3723;PLP	DUF3435
IBT35675:HTR1	Pbrevicompactum.IBT35675_JAPZBR010000001:0-714000	IBT35675:HTR1	714000	;DUF3435;DUF3723;MYB/SANT;PLP;PLP;PLP	DUF3435_MYB/SANT
IBT35675:HTR2	Pbrevicompactum.IBT35675_JAPZBR010000001:1605000-1845000	IBT35675:HTR6	240001	;DUF3435;DUF3723;PLP	DUF3435
IBT35675:HTR3	Pbrevicompactum.IBT35675_JAPZBR010000001:2954000-3398000	IBT35675:HTR11	444001	;DUF3435;DUF3723;PLP	DUF3435
IBT35675:HTR4	Pbrevicompactum.IBT35675_JAPZBR010000001:4717000-4887903	IBT35675:HTR17	170904	;MYB/SANT	MYB/SANT
IBT35675:HTR6	Pbrevicompactum.IBT35675_JAPZBR010000003:2969000-3142977	IBT35675:HTR62	173978	;DUF6066	Neither
IBT35675:HTR7	Pbrevicompactum.IBT35675_JAPZBR010000004:0-94000	IBT35675:HTR63	94000	;DUF3435	DUF3435
IBT35675:HTR8	Pbrevicompactum.IBT35675_JAPZBR010000006:2517000-3471000	IBT35675:HTR101	954001	;DUF3435;DUF3723;DUF3435;DUF3435;DUF3723;MYB/SANT;PLP;CRG;CRG;DUF6066;PLP	DUF3435_MYB/SANT
IBT35675:HTR9	Pbrevicompactum.IBT35675_JAPZBR010000007:1067000-1252471	IBT35675:HTR116	185472	;DUF3435	DUF3435
IBT35675:HTR10	Pbrevicompactum.IBT35675_JAPZBR010000008:0-1755000	IBT35675:HTR117	1755000	;DUF3723;DUF3435;DUF3435;DUF3723;MYB/SANT;MYB/SANT;DUF3723;DUF3435;PLP;CRG;CRG;CRG;PLP;PLP;CRG;CRG	DUF3435_MYB/SANT
PN007:HTR1	Psalamii.PN007_contig1:0-1040000	PN007:HTR1	1040000	;DUF3723;MYB/SANT;DUF6066	MYB/SANT
PN007:HTR2	Psalamii.PN007_contig1:1210000-1902000	PN007:HTR3	692001	;DUF3435;DUF3723;DUF3435;MYB/SANT;DUF3723;PLP;PLP	DUF3435_MYB/SANT
PN007:HTR3	Psalamii.PN007_contig11:0-158000	PN007:HTR21	158000	;DUF3435	DUF3435
PN007:HTR4	Psalamii.PN007_contig13:838000-1007137	PN007:HTR30	169138	;MYB/SANT	MYB/SANT
PN007:HTR5	Psalamii.PN007_contig15:0-782603	PN007:HTR36	782603	;DUF3723;DUF3723;DUF3723;CRG;PLP;CRG;PLP;PLP	Neither
PN007:HTR6	Psalamii.PN007_contig17:0-256000	PN007:HTR40	256000	;MYB/SANT	MYB/SANT
PN007:HTR7	Psalamii.PN007_contig19:0-463000	PN007:HTR46	463000	;MYB/SANT;DUF3723;DUF3435;PLP;DUF6066;CRG	DUF3435_MYB/SANT
PN007:HTR8	Psalamii.PN007_contig2:815000-1315000	PN007:HTR50	500001	;MYB/SANT;DUF3723;DUF3435;DUF3435	DUF3435_MYB/SANT
PN007:HTR9	Psalamii.PN007_contig2:1356000-2414000	PN007:HTR51	1058001	;DUF3435;DUF3723;DUF3435;DUF3723;DUF3723;DUF3723;MYB/SANT;CRG;CRG;DUF6066;CRG;PLP;CRG	DUF3435_MYB/SANT
PN007:HTR10	Psalamii.PN007_contig2:2455000-2983000	PN007:HTR52	528001	;DUF3435;DUF3723;DUF6066;PLP;PLP	DUF3435
PN007:HTR11	Psalamii.PN007_contig20:0-502012	PN007:HTR56	502012	;DUF3723;DUF3435;DUF3435;PLP;CRG;CRG	DUF3435
PN007:HTR12	Psalamii.PN007_contig22:0-491889	PN007:HTR59	491889	;DUF3435;DUF3435;CRG	DUF3435
PN007:HTR13	Psalamii.PN007_contig23:0-491752	PN007:HTR60	491752	;DUF3723;DUF3723;DUF3723;DUF3723;DUF3723;MYB/SANT;PLP;PLP;PLP;CRG;PLP;PLP	MYB/SANT
PN007:HTR14	Psalamii.PN007_contig29:0-229416	PN007:HTR72	229416	;DUF3435;DUF3723;PLP	DUF3435
PN007:HTR15	Psalamii.PN007_contig30:0-205187	PN007:HTR94	205187	;DUF3723;MYB/SANT;PLP;PLP;PLP	MYB/SANT
PN007:HTR16	Psalamii.PN007_contig36:0-63944	PN007:HTR101	63944	;DUF3435	DUF3435
PN007:HTR17	Psalamii.PN007_contig4:0-914000	PN007:HTR105	914000	;DUF3723;DUF3723;DUF3723;DUF3435;CRG;PLP;CRG;PLP;DUF6066;PLP	DUF3435
PN007:HTR18	Psalamii.PN007_contig4:939000-2196000	PN007:HTR106	1257001	;MYB/SANT;DUF3723;DUF3723;DUF3435;DUF3723;DUF3723;MYB/SANT;MYB/SANT;DUF3435;CRG;CRG;PLP;DUF6066;PLP	DUF3435_MYB/SANT
PN007:HTR19	Psalamii.PN007_contig5:260000-860000	PN007:HTR119	600001	;MYB/SANT;DUF3723;DUF3723;DUF3435;PLP;CRG;PLP	DUF3435_MYB/SANT
PN007:HTR20	Psalamii.PN007_contig6:0-1224000	PN007:HTR125	1224000	;MYB/SANT	MYB/SANT
IBT31339:HTR1	Pantarcticum.IBT31339_JAPZBM010000006:1040000-1162000	IBT31339:HTR58	122001	;MYB/SANT;DUF3435	DUF3435_MYB/SANT
IBT31339:HTR2	Pantarcticum.IBT31339_JAPZBM010000006:2801000-2951000	IBT31339:HTR66	150001	;DUF3723;DUF3435;PLP	DUF3435
IBT31339:HTR3	Pantarcticum.IBT31339_JAPZBM010000007:0-1127309	IBT31339:HTR68	1127309	;DUF3435;PLP	DUF3435
IBT31339:HTR4	Pantarcticum.IBT31339_JAPZBM010000010:0-990887	IBT31339:HTR93	990887	;DUF3435;DUF3435;DUF6066;PLP;PLP	DUF3435
IBT13549:HTR1	Pcanescens.IBT13549_JAQJZW010000001:0-980000	IBT13549:HTR1	980000	;DUF3435;DUF3723;DUF3723;DUF3723;MYB/SANT;PLP;CRG;CRG;PLP;CRG;CRG;PLP	DUF3435_MYB/SANT
IBT13549:HTR2	Pcanescens.IBT13549_JAQJZW010000001:1505000-2157000	IBT13549:HTR4	652001	;DUF3435;DUF3723;DUF3723;MYB/SANT;PLP;PLP	DUF3435_MYB/SANT
IBT13549:HTR4	Pcanescens.IBT13549_JAQJZW010000002:3613000-3979000	IBT13549:HTR30	366001	;DUF3723;DUF3723;DUF3435;PLP	DUF3435
IBT13549:HTR5	Pcanescens.IBT13549_JAQJZW010000003:0-4348886	IBT13549:HTR37	4348886	;MYB/SANT;DUF3723;DUF3435;DUF3723;DUF3723;DUF3435;MYB/SANT;DUF3723;DUF3723;DUF3723;DUF3723;MYB/SANT;DUF3723;MYB/SANT;DUF3435;DUF3435;DUF3723;DUF3723;DUF3435;DUF3723;DUF3723;DUF3435;DUF3723;PLP;CRG;CRG;CRG;CRG;PLP;PLP;CRG;CRG;CRG;CRG;CRG;CRG;CRG;CRG;PLP;CRG;CRG;CRG;CRG	DUF3435_MYB/SANT
IBT13549:HTR7	Pcanescens.IBT13549_JAQJZW010000005:0-1545919	IBT13549:HTR39	1545919	;DUF3723;MYB/SANT;MYB/SANT;DUF3435;DUF3723;DUF3723;DUF3723;PLP;CRG;CRG;CRG;PLP	DUF3435_MYB/SANT
IBT13549:HTR13	Pcanescens.IBT13549_JAQJZW010000015:2514000-2628000	IBT13549:HTR102	114001	;DUF3723;DUF3435;PLP	DUF3435
IBT15449:HTR8	Pcanescens.IBT15449_JAQJZM010000007:0-409000	IBT15449:HTR15	409000	;DUF3435	DUF3435
IBT15450:HTR5	Pcanescens.IBT15450_JAQJZL010000005:0-2034954	IBT15450:HTR56	2034954	;DUF3435;DUF3723;DUF3723;DUF3435;DUF3723;DUF6066;PLP;PLP	DUF3435
IBT15450:HTR8	Pcanescens.IBT15450_JAQJZL010000008:0-2946088	IBT15450:HTR59	2946088	;DUF3435;DUF3435;DUF3723;DUF3723;MYB/SANT;DUF3435;DUF3435;DUF3723;DUF3723;DUF3723;DUF3435;DUF3723;DUF3723;CRG;CRG;PLP;PLP;CRG;CRG;CRG;CRG;CRG;CRG;PLP;CRG;CRG	DUF3435_MYB/SANT
IBT15450:HTR9	Pcanescens.IBT15450_JAQJZL010000009:0-3305000	IBT15450:HTR60	3305000	;DUF3435;DUF3435;DUF3723;DUF3723;MYB/SANT;DUF3723;DUF3435;DUF3723;DUF3723;DUF3435;MYB/SANT;DUF3723;DUF3723;DUF3723;DUF3723;MYB/SANT;DUF3723;DUF3435;DUF3723;DUF3435;CRG;CRG;PLP;CRG;CRG;CRG;CRG;PLP;PLP;CRG;CRG;PLP;CRG;CRG;CRG;CRG;PLP	DUF3435_MYB/SANT
IBT15451:HTR2	Pcanescens.IBT15451_JAQJZN010000003:1144000-1518000	IBT15451:HTR31	374001	;DUF3723;DUF3435;PLP	DUF3435
IBT15451:HTR4	Pcanescens.IBT15451_JAQJZN010000003:5043000-5338000	IBT15451:HTR43	295001	;DUF3435;DUF3723;DUF3435;PLP	DUF3435
IBT15451:HTR6	Pcanescens.IBT15451_JAQJZN010000004:340000-801000	IBT15451:HTR47	461001	;DUF3723;DUF6066;PLP	Neither
IBT15451:HTR7	Pcanescens.IBT15451_JAQJZN010000004:2002000-2120000	IBT15451:HTR52	118001	;DUF3723;PLP	Neither
IBT15451:HTR8	Pcanescens.IBT15451_JAQJZN010000004:5814000-6609425	IBT15451:HTR65	795426	;DUF3435;DUF3723;DUF3723;MYB/SANT;PLP;CRG;CRG;PLP;CRG;CRG	DUF3435_MYB/SANT
IBT15451:HTR9	Pcanescens.IBT15451_JAQJZN010000005:566000-954000	IBT15451:HTR70	388001	;DUF3723;DUF3435;DUF3435;PLP	DUF3435
IBT15452:HTR3	Pcanescens.IBT15452_JAQKAC010000003:1057000-1177000	IBT15452:HTR8	120001	;DUF3435;DUF3723	DUF3435
IBT15452:HTR4	Pcanescens.IBT15452_JAQKAC010000003:1979000-2823000	IBT15452:HTR11	844001	;DUF3435;DUF3723;DUF3723;PLP;PLP	DUF3435
IBT15452:HTR5	Pcanescens.IBT15452_JAQKAC010000003:3255000-3672962	IBT15452:HTR12	417963	;MYB/SANT;DUF3723;CRG;CRG;PLP	MYB/SANT
IBT15452:HTR6	Pcanescens.IBT15452_JAQKAC010000004:0-2282548	IBT15452:HTR13	2282548	;DUF3435;DUF3723;DUF3723;DUF3435;DUF3723;DUF3723;DUF3723;DUF3435;DUF3723;DUF3435;DUF3723;CRG;CRG;CRG;CRG;PLP;CRG;CRG;CRG;CRG;CRG;CRG;CRG;CRG	DUF3435
IBT15452:HTR7	Pcanescens.IBT15452_JAQKAC010000005:1591000-2339000	IBT15452:HTR17	748001	;DUF3435;DUF3723;MYB/SANT;PLP	DUF3435_MYB/SANT
IBT15452:HTR8	Pcanescens.IBT15452_JAQKAC010000005:2606000-3421000	IBT15452:HTR18	815001	;DUF3435;DUF3723;MYB/SANT;PLP;CRG;CRG	DUF3435_MYB/SANT
IBT15452:HTR9	Pcanescens.IBT15452_JAQKAC010000006:1029000-1426000	IBT15452:HTR28	397001	;DUF3435;DUF3723;DUF3723;PLP	DUF3435
IBT18980:HTR3	Pcanescens.IBT18980_JAQJZO010000005:0-1628515	IBT18980:HTR30	1628515	;DUF3435;MYB/SANT;MYB/SANT;DUF3723;DUF3723;DUF3435;CRG;CRG;CRG;PLP	DUF3435_MYB/SANT
IBT18980:HTR4	Pcanescens.IBT18980_JAQJZO010000006:0-1113305	IBT18980:HTR31	1113305	;DUF3723;CRG;CRG;CRG;CRG;CRG;CRG;CRG	Neither
IBT19259:HTR1	Pcanescens.IBT19259_JAQJZP010000001:982000-1055000	IBT19259:HTR4	73001	;DUF3435	DUF3435
IBT19259:HTR2	Pcanescens.IBT19259_JAQJZP010000001:4749000-5016415	IBT19259:HTR18	267416	;DUF3435;DUF3435	DUF3435
IBT19259:HTR3	Pcanescens.IBT19259_JAQJZP010000009:2429000-2469000	IBT19259:HTR101	40001	;MYB/SANT	MYB/SANT
IBT19259:HTR4	Pcanescens.IBT19259_JAQJZP010000010:856000-1285000	IBT19259:HTR107	429001	;MYB/SANT;DUF3723;DUF3723;DUF3435;PLP	DUF3435_MYB/SANT
IBT19259:HTR5	Pcanescens.IBT19259_JAQJZP010000010:1507000-1724000	IBT19259:HTR109	217001	;DUF3723;DUF3723;DUF3435;PLP	DUF3435
ATCC48735:HTR2	Pcapsulatum.ATCC48735_JPLQ01000004:0-227924	ATCC48735:HTR21	227924	;DUF3435;PLP	DUF3435
ATCC48735:HTR4	Pcapsulatum.ATCC48735_JPLQ01000006:0-96858	ATCC48735:HTR23	96858	;DUF3723	Neither
ATCC48735:HTR7	Pcapsulatum.ATCC48735_JPLQ01000027:3525000-3819764	ATCC48735:HTR53	294765	;DUF3723	Neither
ATCC48735:HTR8	Pcapsulatum.ATCC48735_JPLQ01000028:399000-517000	ATCC48735:HTR55	118001	;DUF3435;DUF3723;PLP	DUF3435
CBS134186:HTR1	Pcapsulatum.CBS134186_JPLR01000001:0-535000	CBS134186:HTR1	535000	;PLP	Neither
CBS134186:HTR2	Pcapsulatum.CBS134186_JPLR01000002:1875000-2049559	CBS134186:HTR14	174560	;DUF3723	Neither
CBS134186:HTR3	Pcapsulatum.CBS134186_JPLR01000003:0-212616	CBS134186:HTR15	212616	;PLP	Neither
CBS134186:HTR5	Pcapsulatum.CBS134186_JPLR01000013:3670000-3871000	CBS134186:HTR28	201001	;DUF3723;DUF3435;PLP	DUF3435
CBS134186:HTR6	Pcapsulatum.CBS134186_JPLR01000014:1632000-1766000	CBS134186:HTR33	134001	;DUF3435;DUF3723;CRG;PLP	DUF3435
CBS134186:HTR10	Pcapsulatum.CBS134186_JPLR01000041:0-33953	CBS134186:HTR88	33953	;PLP	Neither
CBS134186:HTR11	Pcapsulatum.CBS134186_JPLR01000050:1632000-2048000	CBS134186:HTR95	416001	;DUF3435;PLP	DUF3435
CBS134186:HTR12	Pcapsulatum.CBS134186_JPLR01000051:3047000-3157102	CBS134186:HTR110	110103	;DUF3435	DUF3435
CBS134186:HTR13	Pcapsulatum.CBS134186_JPLR01000052:0-432619	CBS134186:HTR111	432619	;CRG;CRG;CRG;CRG	Neither
CBS134186:HTR14	Pcapsulatum.CBS134186_JPLR01000053:0-165433	CBS134186:HTR112	165433	;DUF3723;PLP;CRG;CRG	Neither
IBT17219:HTR1	Pchrysogenum.IBT17219_JAQJZU010000002:2040000-3460000	IBT17219:HTR3	1420001	;DUF3435;DUF3723;DUF3723;DUF3723;DUF3723;DUF3723;DUF3723;PLP;PLP;PLP;PLP;PLP;PLP;CRG;PLP;CRG;CRG;PLP;PLP;PLP;PLP;PLP;PLP;PLP;CRG;PLP;PLP	DUF3435
IBT17219:HTR2	Pchrysogenum.IBT17219_JAQJZU010000002:4446000-4556000	IBT17219:HTR4	110001	;DUF3723;DUF3435;PLP	DUF3435
IBT17219:HTR3	Pchrysogenum.IBT17219_JAQJZU010000003:2929000-4052703	IBT17219:HTR9	1123704	;MYB/SANT;DUF3723;DUF3723;DUF3723;DUF3723;DUF3435;PLP;PLP;PLP;PLP;CRG;CRG	DUF3435_MYB/SANT
IBT17219:HTR5	Pchrysogenum.IBT17219_JAQJZU010000005:3254000-3745034	IBT17219:HTR24	491035	;DUF3723;DUF3435;DUF3723;CRG;CRG;PLP	DUF3435
IBT17219:HTR6	Pchrysogenum.IBT17219_JAQJZU010000008:0-253000	IBT17219:HTR44	253000	;DUF3723;DUF3723;PLP;PLP;PLP;PLP	Neither
IBT17219:HTR7	Pchrysogenum.IBT17219_JAQJZU010000008:1318000-1461000	IBT17219:HTR48	143001	;DUF3435;DUF3723;PLP	DUF3435
IBT17219:HTR8	Pchrysogenum.IBT17219_JAQJZU010000010:0-1100328	IBT17219:HTR56	1100328	;DUF3723;MYB/SANT;DUF3723;DUF3723;DUF3435;DUF3435;DUF3723;CRG;CRG;CRG;CRG;PLP;PLP;PLP	DUF3435_MYB/SANT
IBT17219:HTR9	Pchrysogenum.IBT17219_JAQJZU010000011:47000-135000	IBT17219:HTR57	88001	;DUF3435;DUF3723;PLP	DUF3435
IBT19737:HTR2	Pchrysogenum.IBT19737_JAPVED010000001:148000-196000	IBT19737:HTR2	48001	;DUF3435;MYB/SANT	DUF3435_MYB/SANT
IBT19737:HTR3	Pchrysogenum.IBT19737_JAPVED010000001:565000-711000	IBT19737:HTR5	146001	;DUF3723;DUF3723;DUF3435;DUF3435;PLP	DUF3435
IBT19737:HTR5	Pchrysogenum.IBT19737_JAPVED010000002:4340000-6212000	IBT19737:HTR21	1872001	;DUF3723;DUF3723;MYB/SANT;DUF3435;DUF3723;DUF3723;DUF3435;MYB/SANT;DUF3435;DUF3723;MYB/SANT;DUF3723;MYB/SANT;PLP;PLP;CRG;PLP;PLP;CRG;PLP;PLP;PLP;CRG;CRG;CRG;CRG;PLP;PLP;CRG;PLP;PLP;PLP;PLP;PLP;PLP;CRG;PLP;PLP	DUF3435_MYB/SANT
IBT19737:HTR7	Pchrysogenum.IBT19737_JAPVED010000003:0-91000	IBT19737:HTR29	91000	;DUF3435	DUF3435
IBT35668:HTR1	Pchrysogenum.IBT35668_JAPQKU010000001:8869000-9490807	IBT35668:HTR19	621808	;DUF3435;PLP;PLP	DUF3435
IBT35668:HTR2	Pchrysogenum.IBT35668_JAPQKU010000002:2723000-5118000	IBT35668:HTR30	2395001	;DUF3435;DUF3723;MYB/SANT;DUF3723;DUF3723;DUF3723;DUF3723;DUF3723;DUF3435;MYB/SANT;MYB/SANT;DUF3723;MYB/SANT;MYB/SANT;CRG;PLP;CRG;PLP;PLP;PLP;CRG;CRG;PLP;PLP;PLP;PLP;PLP;CRG;CRG;PLP;CRG;CRG;PLP;PLP;PLP;PLP	DUF3435_MYB/SANT
IBT35668:HTR3	Pchrysogenum.IBT35668_JAPQKU010000002:6857000-6982000	IBT35668:HTR34	125001	;DUF3435	DUF3435
IBT35668:HTR4	Pchrysogenum.IBT35668_JAPQKU010000004:6290000-6338186	IBT35668:HTR45	48187	;DUF3435;DUF3435	DUF3435
IBT35668:HTR5	Pchrysogenum.IBT35668_JAPQKU010000005:0-78000	IBT35668:HTR46	78000	;PLP	Neither
IBT35668:HTR6	Pchrysogenum.IBT35668_JAPQKU010000005:8605000-8893000	IBT35668:HTR55	288001	;DUF3435;DUF3723;PLP	DUF3435
NCPC10086:HTR2	Pchrysogenum.NCPC10086_scaf054:0-159000	NCPC10086:HTR13	159000	;DUF3723;MYB/SANT;PLP	MYB/SANT
NCPC10086:HTR3	Pchrysogenum.NCPC10086_scaf054:252000-372569	NCPC10086:HTR14	120570	;DUF3435	DUF3435
NCPC10086:HTR6	Pchrysogenum.NCPC10086_scaf089:0-213278	NCPC10086:HTR32	213278	;PLP;CRG;CRG	Neither
NCPC10086:HTR7	Pchrysogenum.NCPC10086_scaf105:0-650282	NCPC10086:HTR45	650282	;CRG;CRG;CRG;CRG;CRG;CRG;PLP	Neither
NCPC10086:HTR8	Pchrysogenum.NCPC10086_scaf111:0-153000	NCPC10086:HTR46	153000	;DUF3723;DUF3435;PLP;PLP;PLP	DUF3435
PN016:HTR1	Pnalgiovense.PN016_contig1:6451000-6789000	PN016:HTR6	338001	;DUF3723;DUF3435;PLP;PLP;PLP	DUF3435
PN016:HTR2	Pnalgiovense.PN016_contig10:0-442960	PN016:HTR9	442960	;DUF3723;CRG;CRG;CRG;CRG;CRG;PLP	Neither
PN016:HTR3	Pnalgiovense.PN016_contig11:0-265217	PN016:HTR10	265217	;CRG;CRG;CRG	Neither
PN016:HTR4	Pnalgiovense.PN016_contig12:0-233599	PN016:HTR11	233599	;DUF3723;PLP;CRG	Neither
PN016:HTR5	Pnalgiovense.PN016_contig13:0-225925	PN016:HTR12	225925	;PLP;PLP;CRG	Neither
PN016:HTR6	Pnalgiovense.PN016_contig14:0-220542	PN016:HTR13	220542	;DUF3435;CRG;PLP	DUF3435
PN016:HTR7	Pnalgiovense.PN016_contig15:0-132790	PN016:HTR14	132790	;DUF3723;MYB/SANT;CRG;CRG;CRG	MYB/SANT
PN016:HTR8	Pnalgiovense.PN016_contig16:0-116718	PN016:HTR15	116718	;PLP;CRG	Neither
PN016:HTR9	Pnalgiovense.PN016_contig18:0-80329	PN016:HTR17	80329	;DUF3723;PLP;PLP;PLP	Neither
PN016:HTR10	Pnalgiovense.PN016_contig19:0-78763	PN016:HTR18	78763	;MYB/SANT;CRG	MYB/SANT
PN016:HTR11	Pnalgiovense.PN016_contig2:0-347000	PN016:HTR19	347000	;MYB/SANT;CRG;CRG	MYB/SANT
PN016:HTR12	Pnalgiovense.PN016_contig2:430000-534000	PN016:HTR20	104001	;DUF3435;DUF3723;PLP	DUF3435
PN016:HTR14	Pnalgiovense.PN016_contig23:0-47812	PN016:HTR33	47812	;PLP;CRG	Neither
PN016:HTR16	Pnalgiovense.PN016_contig26:0-39074	PN016:HTR36	39074	;DUF3723;DUF3723;PLP;PLP	Neither
PN016:HTR17	Pnalgiovense.PN016_contig27:0-35388	PN016:HTR37	35388	;PLP	Neither
PN016:HTR18	Pnalgiovense.PN016_contig3:0-105000	PN016:HTR39	105000	;DUF3435	DUF3435
PN016:HTR19	Pnalgiovense.PN016_contig4:3717000-3747725	PN016:HTR54	30726	;DUF3435	DUF3435
PN016:HTR20	Pnalgiovense.PN016_contig5:0-647000	PN016:HTR55	647000	;MYB/SANT;MYB/SANT;DUF3723;MYB/SANT;DUF3723;DUF3435;DUF3435;DUF3723;CRG;CRG;DUF6066;CRG;PLP;DUF6066;CRG;DUF6066;PLP	DUF3435_MYB/SANT
PN016:HTR21	Pnalgiovense.PN016_contig5:2044000-2145000	PN016:HTR57	101001	;DUF3435	DUF3435
PN016:HTR23	Pnalgiovense.PN016_contig7:0-293000	PN016:HTR69	293000	;DUF3435;DUF3435;DUF3435	DUF3435
PN016:HTR25	Pnalgiovense.PN016_contig8:729000-1301096	PN016:HTR77	572097	;MYB/SANT;DUF3435;DUF3723;CRG;CRG;CRG;CRG;CRG;PLP;PLP	DUF3435_MYB/SANT
PN016:HTR26	Pnalgiovense.PN016_contig9:0-117000	PN016:HTR78	117000	;MYB/SANT	MYB/SANT
PN016:HTR27	Pnalgiovense.PN016_contig9:745000-893856	PN016:HTR79	148857	;DUF3435;DUF3723;PLP;PLP;PLP	DUF3435
IBT27055:HTR1	Prubens.IBT27055_JAQKAF010000002:831000-1214000	IBT27055:HTR14	383001	;DUF3435;DUF3723;DUF3435;DUF3723;DUF3723;PLP	DUF3435
IBT27055:HTR2	Prubens.IBT27055_JAQKAF010000002:1434000-1492000	IBT27055:HTR15	58001	;DUF3435	DUF3435
IBT27055:HTR3	Prubens.IBT27055_JAQKAF010000002:5627000-5811000	IBT27055:HTR18	184001	;DUF3723;DUF3435	DUF3435
IBT27055:HTR4	Prubens.IBT27055_JAQKAF010000003:701000-764000	IBT27055:HTR25	63001	;MYB/SANT;DUF3723;DUF3435	DUF3435_MYB/SANT
IBT35670:HTR1	Prubens.IBT35670_JAQKAG010000001:1044000-1102000	IBT35670:HTR2	58001	;DUF3435	DUF3435
IBT35670:HTR2	Prubens.IBT35670_JAQKAG010000002:0-794000	IBT35670:HTR8	794000	;DUF3723;MYB/SANT;DUF3723;DUF3435;DUF3723;DUF3723;DUF3435;CRG;PLP;CRG;PLP;PLP;CRG;CRG;CRG	DUF3435_MYB/SANT
IBT35670:HTR3	Prubens.IBT35670_JAQKAG010000003:408000-1664000	IBT35670:HTR24	1256001	;DUF3435;DUF3723;MYB/SANT;DUF3723;DUF3723;PLP;PLP;PLP;CRG;CRG;CRG;CRG;CRG;PLP;PLP;PLP;PLP;PLP	DUF3435_MYB/SANT
IBT35670:HTR5	Prubens.IBT35670_JAQKAG010000005:292000-1175827	IBT35670:HTR37	883828	;MYB/SANT;DUF3723;DUF3723;MYB/SANT;DUF3723;MYB/SANT;DUF3723;DUF3723;PLP;PLP;CRG;CRG;PLP;CRG;PLP;CRG;PLP	MYB/SANT
IBT35670:HTR6	Prubens.IBT35670_JAQKAG010000007:3197000-3342787	IBT35670:HTR56	145788	;DUF3435;DUF3723;DUF3723;PLP	DUF3435
Wisconsin:HTR1	Prubens.Wisconsin_contig04:0-39849	Wisconsin:HTR2	39849	;DUF3723;CRG	Neither
Wisconsin:HTR2	Prubens.Wisconsin_contig06:453000-575163	Wisconsin:HTR5	122164	;MYB/SANT;DUF3435;MYB/SANT	DUF3435_MYB/SANT
Wisconsin:HTR5	Prubens.Wisconsin_contig14:486000-551708	Wisconsin:HTR19	65709	;MYB/SANT;PLP;PLP	MYB/SANT
Wisconsin:HTR6	Prubens.Wisconsin_contig15:293000-414000	Wisconsin:HTR21	121001	;DUF3435;DUF3435;MYB/SANT	DUF3435_MYB/SANT
Wisconsin:HTR8	Prubens.Wisconsin_contig16:3556000-3716833	Wisconsin:HTR32	160834	;DUF3723	Neither
Wisconsin:HTR9	Prubens.Wisconsin_contig17:0-292067	Wisconsin:HTR33	292067	;MYB/SANT;DUF3723;CRG;PLP	MYB/SANT
Wisconsin:HTR10	Prubens.Wisconsin_contig18:1536000-1591038	Wisconsin:HTR35	55039	;DUF3435	DUF3435
Wisconsin:HTR11	Prubens.Wisconsin_contig21:0-145000	Wisconsin:HTR46	145000	;DUF3723;DUF3435;PLP	DUF3435
Wisconsin:HTR12	Prubens.Wisconsin_contig22:6066000-6387817	Wisconsin:HTR64	321818	;DUF3723;DUF3723;CRG;PLP	Neither
Wisconsin:HTR13	Prubens.Wisconsin_contig23:0-228788	Wisconsin:HTR65	228788	;PLP;CRG	Neither
Wisconsin:HTR14	Prubens.Wisconsin_contig24:0-709213	Wisconsin:HTR66	709213	;DUF3723;PLP;CRG;CRG;PLP;PLP;CRG;CRG;CRG;CRG;CRG;PLP	Neither
LCP05531:HTR1	Pbiforme.LCP05531_contig1:8173000-9005000	LCP05531:HTR12	832001	;DUF3435;DUF3723;MYB/SANT;CRG;PLP	DUF3435_MYB/SANT
LCP05531:HTR2	Pbiforme.LCP05531_contig1:9695000-10105000	LCP05531:HTR14	410001	;DUF3723;DUF3723;PLP;PLP;DUF6066	Neither
LCP05531:HTR3	Pbiforme.LCP05531_contig1:10929000-11047000	LCP05531:HTR16	118001	;DUF3723;DUF3723;DUF3435;PLP	DUF3435
LCP05531:HTR5	Pbiforme.LCP05531_contig1:11796000-11899000	LCP05531:HTR18	103001	;MYB/SANT;DUF3435	DUF3435_MYB/SANT
LCP05531:HTR6	Pbiforme.LCP05531_contig1:12188000-13088505	LCP05531:HTR19	900506	;DUF3435;DUF3435;MYB/SANT;DUF3723;DUF3723;CRG;PLP;PLP	DUF3435_MYB/SANT
LCP05531:HTR7	Pbiforme.LCP05531_contig2:0-258000	LCP05531:HTR20	258000	;MYB/SANT;DUF3723;DUF3435;DUF3435	DUF3435_MYB/SANT
LCP05531:HTR8	Pbiforme.LCP05531_contig2:1596000-2823000	LCP05531:HTR21	1227001	;DUF3723;MYB/SANT;DUF3723;MYB/SANT;DUF3723;DUF3723;MYB/SANT;CRG;PLP;CRG;CRG;CRG;PLP;CRG;PLP;PLP;PLP	MYB/SANT
LCP05531:HTR9	Pbiforme.LCP05531_contig2:5705000-5837000	LCP05531:HTR25	132001	;DUF3435	DUF3435
LCP05531:HTR10	Pbiforme.LCP05531_contig2:6187000-6558000	LCP05531:HTR26	371001	;DUF3435;DUF3723;MYB/SANT;PLP;PLP	DUF3435_MYB/SANT
LCP05531:HTR11	Pbiforme.LCP05531_contig3:2388000-2716000	LCP05531:HTR36	328001	;DUF3435;DUF3723;MYB/SANT;PLP	DUF3435_MYB/SANT
LCP05531:HTR13	Pbiforme.LCP05531_contig4:2954000-3246000	LCP05531:HTR47	292001	;DUF3435	DUF3435
LCP05531:HTR14	Pbiforme.LCP05531_contig4:3416000-3616000	LCP05531:HTR48	200001	;DUF3723;DUF3435;PLP	DUF3435
LCP05531:HTR15	Pbiforme.LCP05531_contig4:4052000-4227000	LCP05531:HTR49	175001	;MYB/SANT	MYB/SANT
LCP05531:HTR16	Pbiforme.LCP05531_contig4:5857000-5970000	LCP05531:HTR51	113001	;DUF3435;DUF3723	DUF3435
LCP05531:HTR17	Pbiforme.LCP05531_contig4:6076000-6186000	LCP05531:HTR52	110001	;MYB/SANT;DUF3723;DUF3435	DUF3435_MYB/SANT
LCP05531:HTR18	Pbiforme.LCP05531_contig5:2210000-2327000	LCP05531:HTR58	117001	;DUF3435;DUF3435;DUF3435;DUF3435;DUF3435	DUF3435
LCP05531:HTR20	Pbiforme.LCP05531_contig6:936000-982444	LCP05531:HTR62	46445	;DUF3435;DUF3723;PLP	DUF3435
LCP06093:HTR1	Pcamemberti.LCP06093_contig1:0-460000	LCP06093:HTR1	460000	;MYB/SANT;DUF3435;DUF3435;DUF3435;PLP;CRG	DUF3435_MYB/SANT
LCP06093:HTR3	Pcamemberti.LCP06093_contig1:1554000-1664000	LCP06093:HTR5	110001	;DUF3723;MYB/SANT	MYB/SANT
LCP06093:HTR4	Pcamemberti.LCP06093_contig11:0-309000	LCP06093:HTR14	309000	;DUF3723;DUF3435;PLP;DUF6066	DUF3435
LCP06093:HTR5	Pcamemberti.LCP06093_contig12:667000-743000	LCP06093:HTR15	76001	;DUF3435;DUF3435;DUF3723;PLP	DUF3435
LCP06093:HTR6	Pcamemberti.LCP06093_contig16:0-211304	LCP06093:HTR20	211304	;DUF3723;DUF3723;PLP	Neither
LCP06093:HTR7	Pcamemberti.LCP06093_contig2:899000-1024000	LCP06093:HTR24	125001	;DUF3435;DUF3723	DUF3435
LCP06093:HTR8	Pcamemberti.LCP06093_contig2:1795000-1926000	LCP06093:HTR26	131001	;DUF3435	DUF3435
LCP06093:HTR9	Pcamemberti.LCP06093_contig2:2551000-2720000	LCP06093:HTR27	169001	;DUF3723;DUF3435;PLP	DUF3435
LCP06093:HTR10	Pcamemberti.LCP06093_contig2:3968000-4009000	LCP06093:HTR29	41001	;MYB/SANT	MYB/SANT
LCP06093:HTR11	Pcamemberti.LCP06093_contig2:4542000-4589000	LCP06093:HTR31	47001	;DUF3435	DUF3435
LCP06093:HTR12	Pcamemberti.LCP06093_contig2:4751000-4961000	LCP06093:HTR32	210001	;DUF3723;DUF3435;PLP	DUF3435
LCP06093:HTR13	Pcamemberti.LCP06093_contig3:667000-941000	LCP06093:HTR37	274001	;DUF3723;DUF3435;PLP;PLP	DUF3435
LCP06093:HTR14	Pcamemberti.LCP06093_contig4:806000-1268000	LCP06093:HTR41	462001	;DUF3723;DUF3435;PLP;PLP	DUF3435
LCP06093:HTR15	Pcamemberti.LCP06093_contig4:2143000-2345000	LCP06093:HTR42	202001	;MYB/SANT;DUF6066	MYB/SANT
LCP06093:HTR16	Pcamemberti.LCP06093_contig4:2822000-3637881	LCP06093:HTR43	815882	;DUF3435;DUF3723;DUF3723;DUF3723;CRG;PLP;CRG;PLP;CRG	DUF3435
LCP06093:HTR17	Pcamemberti.LCP06093_contig5:608000-948000	LCP06093:HTR45	340001	;MYB/SANT;MYB/SANT;DUF3435	DUF3435_MYB/SANT
LCP06093:HTR19	Pcamemberti.LCP06093_contig7:621000-690000	LCP06093:HTR57	69001	;DUF3723;DUF3435	DUF3435
ESE00019:HTR1	Pcaseifulvum.ESE00019_contig1:5329000-5507000	ESE00019:HTR8	178001	;MYB/SANT;DUF3723;DUF3435	DUF3435_MYB/SANT
ESE00019:HTR3	Pcaseifulvum.ESE00019_contig10:0-190302	ESE00019:HTR12	190302	;DUF3723;PLP;PLP	Neither
ESE00019:HTR4	Pcaseifulvum.ESE00019_contig11:0-178631	ESE00019:HTR13	178631	;DUF3723	Neither
ESE00019:HTR6	Pcaseifulvum.ESE00019_contig13:0-108157	ESE00019:HTR15	108157	;DUF3435;DUF6066	DUF3435
ESE00019:HTR7	Pcaseifulvum.ESE00019_contig2:2962000-3061000	ESE00019:HTR18	99001	;DUF3435;DUF3435	DUF3435
ESE00019:HTR8	Pcaseifulvum.ESE00019_contig2:5934000-6087000	ESE00019:HTR23	153001	;DUF3435;DUF3723;PLP	DUF3435
ESE00019:HTR9	Pcaseifulvum.ESE00019_contig3:0-324000	ESE00019:HTR26	324000	;DUF3723;MYB/SANT;CRG;CRG;PLP	MYB/SANT
ESE00019:HTR10	Pcaseifulvum.ESE00019_contig3:1196000-1643000	ESE00019:HTR27	447001	;DUF3435;DUF3723;PLP;PLP	DUF3435
ESE00019:HTR11	Pcaseifulvum.ESE00019_contig3:4166000-4265000	ESE00019:HTR30	99001	;DUF3435;DUF3723;MYB/SANT	DUF3435_MYB/SANT
ESE00019:HTR15	Pcaseifulvum.ESE00019_contig4:927000-1121000	ESE00019:HTR36	194001	;MYB/SANT	MYB/SANT
ESE00019:HTR17	Pcaseifulvum.ESE00019_contig5:455000-613000	ESE00019:HTR46	158001	;DUF3723;DUF3435;PLP	DUF3435
ESE00019:HTR18	Pcaseifulvum.ESE00019_contig5:1773000-1844000	ESE00019:HTR49	71001	;DUF3435;MYB/SANT	DUF3435_MYB/SANT
ESE00019:HTR19	Pcaseifulvum.ESE00019_contig6:0-666000	ESE00019:HTR53	666000	;DUF3723;DUF3723;DUF3435;PLP;CRG;PLP	DUF3435
IBT35664:HTR1	Pcrustosum.IBT35664_JAPZBV010000001:2475000-2692000	IBT35664:HTR4	217001	;DUF3435;DUF3723;PLP	DUF3435
IBT35664:HTR2	Pcrustosum.IBT35664_JAPZBV010000001:4304000-4504000	IBT35664:HTR6	200001	;MYB/SANT;DUF3723;DUF3435	DUF3435_MYB/SANT
IBT35664:HTR3	Pcrustosum.IBT35664_JAPZBV010000001:5867000-6018000	IBT35664:HTR10	151001	;DUF3435	DUF3435
IBT35664:HTR4	Pcrustosum.IBT35664_JAPZBV010000001:7745000-8284000	IBT35664:HTR13	539001	;DUF3723;MYB/SANT	MYB/SANT
IBT35664:HTR5	Pcrustosum.IBT35664_JAPZBV010000002:1988000-2310000	IBT35664:HTR16	322001	;DUF3435;PLP	DUF3435
IBT35664:HTR6	Pcrustosum.IBT35664_JAPZBV010000002:4649000-4852000	IBT35664:HTR19	203001	;DUF3435;MYB/SANT	DUF3435_MYB/SANT
IBT35664:HTR7	Pcrustosum.IBT35664_JAPZBV010000003:4075000-4161000	IBT35664:HTR30	86001	;DUF3723;DUF3723;DUF3435;PLP	DUF3435
ESE00090:HTR1	Pfuscoglaucum.ESE00090_contig2:8868000-9019000	ESE00090:HTR32	151001	;DUF3435;MYB/SANT	DUF3435_MYB/SANT
IBT25940:HTR2	Psolitum.IBT25940_JAQKAH010000001:9135000-9197000	IBT25940:HTR8	62001	;DUF3435	DUF3435
IBT25940:HTR4	Psolitum.IBT25940_JAQKAH010000003:802000-1062000	IBT25940:HTR13	260001	;DUF3435;DUF3723;MYB/SANT	DUF3435_MYB/SANT
IBT25940:HTR5	Psolitum.IBT25940_JAQKAH010000004:0-341000	IBT25940:HTR23	341000	;DUF3723;DUF3723;DUF3435;PLP	DUF3435
IBT25940:HTR6	Psolitum.IBT25940_JAQKAH010000004:2529000-2852000	IBT25940:HTR30	323001	;DUF3435;MYB/SANT	DUF3435_MYB/SANT
IBT25940:HTR7	Psolitum.IBT25940_JAQKAH010000006:0-229000	IBT25940:HTR43	229000	;DUF3723;DUF3435;PLP	DUF3435
LCP06249:HTR1	Psolitum.LCP06249_contig1:226000-294000	LCP06249:HTR2	68001	;DUF3435	DUF3435
LCP06249:HTR2	Psolitum.LCP06249_contig1:4841000-5301000	LCP06249:HTR7	460001	;DUF3435;DUF3723;MYB/SANT;PLP;PLP;PLP;PLP	DUF3435_MYB/SANT
LCP06249:HTR3	Psolitum.LCP06249_contig2:6378000-6457398	LCP06249:HTR26	79399	;DUF3435;DUF3723	DUF3435
LCP06249:HTR4	Psolitum.LCP06249_contig3:2728000-3077000	LCP06249:HTR31	349001	;DUF3723;DUF3435;MYB/SANT;PLP	DUF3435_MYB/SANT
LCP06249:HTR5	Psolitum.LCP06249_contig3:3352000-3716000	LCP06249:HTR32	364001	;DUF3723;DUF3435;CRG;PLP	DUF3435
LCP06249:HTR6	Psolitum.LCP06249_contig3:4416000-5112814	LCP06249:HTR33	696815	;MYB/SANT;DUF3723;DUF3723;DUF3723;PLP;CRG;CRG;CRG;CRG;CRG;CRG;CRG;PLP;CRG	MYB/SANT
LCP06249:HTR7	Psolitum.LCP06249_contig4:0-126000	LCP06249:HTR34	126000	;DUF3435;DUF3435;DUF3435	DUF3435
LCP06249:HTR8	Psolitum.LCP06249_contig4:2262000-2362000	LCP06249:HTR37	100001	;DUF3435	DUF3435
LCP06249:HTR9	Psolitum.LCP06249_contig4:2959000-3036000	LCP06249:HTR39	77001	;DUF3435	DUF3435
LCP06249:HTR10	Psolitum.LCP06249_contig4:3712000-3845000	LCP06249:HTR40	133001	;DUF3723	Neither
LCP06249:HTR11	Psolitum.LCP06249_contig5:1736000-1838000	LCP06249:HTR46	102001	;DUF3435	DUF3435
LCP06249:HTR12	Psolitum.LCP06249_contig6:0-218000	LCP06249:HTR52	218000	;DUF3723;DUF3723;DUF3435;PLP	DUF3435
LCP06249:HTR13	Psolitum.LCP06249_contig6:1094000-1425000	LCP06249:HTR55	331001	;DUF3435;PLP	DUF3435
LCP06249:HTR14	Psolitum.LCP06249_contig6:3156000-3580869	LCP06249:HTR60	424870	;DUF3723;DUF3723;PLP	Neither
LCP06249:HTR15	Psolitum.LCP06249_contig7:0-126000	LCP06249:HTR61	126000	;DUF3723;DUF3435;DUF3435	DUF3435
LCP06249:HTR16	Psolitum.LCP06249_contig7:263000-1150493	LCP06249:HTR62	887494	;DUF3435;DUF3723;PLP;PLP;PLP;PLP;DUF6066;PLP	DUF3435
LCP06249:HTR17	Psolitum.LCP06249_contig9:379000-700452	LCP06249:HTR67	321453	;PLP	Neither
strain12:HTR3	Psolitum.strain12_JAASRZ010000020:0-39402	strain12:HTR4	39402	;DUF3723	Neither
strain12:HTR7	Psolitum.strain12_JAASRZ010000025:0-60422	strain12:HTR9	60422	;DUF3435	DUF3435
strain12:HTR8	Psolitum.strain12_JAASRZ010000026:0-67186	strain12:HTR10	67186	;CRG	Neither
strain12:HTR30	Psolitum.strain12_JAASRZ010000050:4639000-4906000	strain12:HTR74	267001	;MYB/SANT;DUF3723;DUF3435	DUF3435_MYB/SANT
strain12:HTR31	Psolitum.strain12_JAASRZ010000051:2247000-2517000	strain12:HTR78	270001	;DUF3435;MYB/SANT;CRG	DUF3435_MYB/SANT
IBT35659:HTR1	Paurantiogriseum.IBT35659_JAFCIW010000001:2167000-2791000	IBT35659:HTR5	624001	;DUF3435;DUF3723;DUF3723;DUF3723;DUF6066;PLP	DUF3435
IBT34325:HTR1	Pfreii.IBT34325_JAQIZX010000002:8182000-8469000	IBT34325:HTR37	287001	;DUF3435;DUF3723;PLP	DUF3435
IBT34325:HTR2	Pfreii.IBT34325_JAQIZX010000003:3792000-3996000	IBT34325:HTR55	204001	;DUF3723;DUF3723;DUF3435	DUF3435
IBT34325:HTR3	Pfreii.IBT34325_JAQIZX010000004:1825000-1888000	IBT34325:HTR64	63001	;DUF3435	DUF3435
IBT34325:HTR4	Pfreii.IBT34325_JAQIZX010000004:6550000-6751000	IBT34325:HTR79	201001	;DUF3435;PLP	DUF3435
IBT34325:HTR5	Pfreii.IBT34325_JAQIZX010000005:0-224000	IBT34325:HTR80	224000	;DUF3435	DUF3435
LCP05904:HTR1	Pnordicum.LCP05904_contig1:3764000-4036000	LCP05904:HTR8	272001	;DUF3723;DUF3435;PLP;DUF6066	DUF3435
LCP05904:HTR2	Pnordicum.LCP05904_contig12:0-455948	LCP05904:HTR22	455948	;DUF3723;DUF6066;PLP;PLP	Neither
LCP05904:HTR3	Pnordicum.LCP05904_contig13:0-329994	LCP05904:HTR23	329994	;DUF3723;DUF3723;CRG;PLP	Neither
LCP05904:HTR5	Pnordicum.LCP05904_contig2:4850000-4904749	LCP05904:HTR36	54750	;MYB/SANT	MYB/SANT
LCP05904:HTR6	Pnordicum.LCP05904_contig3:1776000-1891000	LCP05904:HTR41	115001	;DUF3435;DUF3723;PLP	DUF3435
LCP05904:HTR7	Pnordicum.LCP05904_contig4:3900000-4235601	LCP05904:HTR53	335602	;DUF3723;MYB/SANT;DUF3435;PLP	DUF3435_MYB/SANT
LCP05904:HTR8	Pnordicum.LCP05904_contig5:0-998000	LCP05904:HTR54	998000	;DUF3723;MYB/SANT;MYB/SANT;DUF3723;DUF3723;MYB/SANT;CRG;CRG;CRG;CRG;CRG;CRG;DUF6066;CRG;PLP;CRG;CRG;CRG;CRG;CRG;PLP	MYB/SANT
LCP05904:HTR9	Pnordicum.LCP05904_contig5:2425000-2479000	LCP05904:HTR57	54001	;DUF3723;DUF3723;DUF3435	DUF3435
LCP05904:HTR10	Pnordicum.LCP05904_contig6:1916000-2128000	LCP05904:HTR64	212001	;DUF3723;DUF3435;PLP	DUF3435
LCP05904:HTR11	Pnordicum.LCP05904_contig7:475000-839000	LCP05904:HTR67	364001	;DUF3435;DUF3723;DUF3435;MYB/SANT;PLP;PLP	DUF3435_MYB/SANT
LCP05904:HTR12	Pnordicum.LCP05904_contig7:1562000-2322660	LCP05904:HTR71	760661	;DUF3435;DUF3723;DUF3435;DUF3723;CRG;CRG;PLP;CRG;PLP	DUF3435
LCP05904:HTR13	Pnordicum.LCP05904_contig8:1417000-1662000	LCP05904:HTR74	245001	;MYB/SANT;DUF3723;DUF3435	DUF3435_MYB/SANT
LCP05904:HTR14	Pnordicum.LCP05904_contig8:1816000-1984150	LCP05904:HTR75	168151	;DUF3435;DUF3723;MYB/SANT;DUF3723;CRG;DUF6066;PLP	DUF3435_MYB/SANT
LCP05904:HTR15	Pnordicum.LCP05904_contig9:154000-528000	LCP05904:HTR76	374001	;DUF3723;DUF3723;DUF3435;DUF3723;DUF3435;PLP;PLP	DUF3435
RS1:HTR1	Ppolonicum.RS1_JYNM02000001:3860000-4269000	RS1:HTR11	409001	;MYB/SANT;DUF3723;DUF3435	DUF3435_MYB/SANT
RS1:HTR2	Ppolonicum.RS1_JYNM02000002:11230000-11921518	RS1:HTR50	691519	;DUF3435;DUF3723;DUF3723;MYB/SANT;PLP;PLP;CRG;CRG;DUF6066;CRG;DUF6066;CRG;CRG	DUF3435_MYB/SANT
RS1:HTR3	Ppolonicum.RS1_JYNM02000003:197000-713228	RS1:HTR52	516229	;MYB/SANT;DUF3723;CRG;PLP	MYB/SANT
RS1:HTR4	Ppolonicum.RS1_JYNM02000004:2057000-2230000	RS1:HTR60	173001	;DUF3435;DUF3723;PLP	DUF3435
RS1:HTR5	Ppolonicum.RS1_JYNM02000005:6162000-6234000	RS1:HTR77	72001	;PLP	Neither
IBT35672:HTR1	Pverrucosum.IBT35672_JAQKAO010000001:1615000-1895000	IBT35672:HTR6	280001	;DUF3723;DUF3723	Neither
IBT35672:HTR2	Pverrucosum.IBT35672_JAQKAO010000001:14841000-14897000	IBT35672:HTR27	56001	;DUF3435;DUF3435	DUF3435
IBT35672:HTR3	Pverrucosum.IBT35672_JAQKAO010000002:4308000-4680000	IBT35672:HTR38	372001	;DUF3435;DUF3435;PLP	DUF3435
IBT35672:HTR4	Pverrucosum.IBT35672_JAQKAO010000003:537000-601000	IBT35672:HTR44	64001	;DUF6066	Neither
IBT35672:HTR5	Pverrucosum.IBT35672_JAQKAO010000003:870000-1263000	IBT35672:HTR45	393001	;DUF3435	DUF3435
IBT35672:HTR6	Pverrucosum.IBT35672_JAQKAO010000003:3351000-3597000	IBT35672:HTR48	246001	;DUF3435;DUF3723;PLP	DUF3435
AF13:HTR1	Aflavus.AF13_chr1:607000-917000	AF13:HTR1	310001	;DUF3723;DUF3435;PLP;PLP	DUF3435
AF13:HTR2	Aflavus.AF13_chr1:2452000-2531000	AF13:HTR3	79001	;MYB/SANT;DUF3723;DUF3435	DUF3435_MYB/SANT
CA14:HTR1	Aflavus.CA14_chr5:625000-659000	CA14:HTR18	34001	;MYB/SANT	MYB/SANT
CA14:HTR2	Aflavus.CA14_chr7:0-178000	CA14:HTR26	178000	;DUF3723;DUF3723;DUF3435;PLP	DUF3435
CA14:HTR3	Aflavus.CA14_chr7:3115000-3192380	CA14:HTR28	77381	;DUF3435	DUF3435
CA14:HTR4	Aflavus.CA14_chr8:222000-289000	CA14:HTR29	67001	;DUF3435;DUF3723;PLP	DUF3435
NRRL3357:HTR1	Aflavus.NRRL3357_chr4:3177000-3301000	NRRL3357:HTR17	124001	;DUF3435;DUF3723;PLP	DUF3435
NRRL3357:HTR2	Aflavus.NRRL3357_chr7:626000-696000	NRRL3357:HTR25	70001	;MYB/SANT;DUF3723;DUF3435	DUF3435_MYB/SANT
A5P1:HTR1	Aflavus.A5P1_JARCHB010000001:722000-869000	A5P1:HTR3	147001	;DUF3435;DUF3723;DUF3723;PLP	DUF3435
A5P1:HTR4	Aflavus.A5P1_JARCHB010000010:956000-1021000	A5P1:HTR28	65001	;DUF3435;DUF3723;MYB/SANT	DUF3435_MYB/SANT
BCC7051:HTR1	Aoryzae.BCC7051_MKZY01000002:283000-338000	BCC7051:HTR7	55001	;MYB/SANT;DUF3435	DUF3435_MYB/SANT
BCC7051:HTR2	Aoryzae.BCC7051_MKZY01000002:4501000-4705242	BCC7051:HTR9	204243	;MYB/SANT;DUF3723;DUF3723;DUF3435;PLP	DUF3435_MYB/SANT
BCC7051:HTR3	Aoryzae.BCC7051_MKZY01000004:448000-519000	BCC7051:HTR14	71001	;DUF3435	DUF3435
BCC7051:HTR4	Aoryzae.BCC7051_MKZY01000005:376000-605000	BCC7051:HTR16	229001	;DUF3435;PLP	DUF3435
BCC7051:HTR5	Aoryzae.BCC7051_MKZY01000007:297000-425000	BCC7051:HTR23	128001	;DUF3435;DUF3435;DUF3435;DUF3723;DUF3435;PLP	DUF3435
KBP3:HTR2	Aoryzae.KBP3_chr2:5816000-5872000	KBP3:HTR6	56001	;DUF3435	DUF3435
KBP3:HTR3	Aoryzae.KBP3_chr4:555000-638000	KBP3:HTR14	83001	;DUF3435;DUF3435;MYB/SANT	DUF3435_MYB/SANT
KBP3:HTR4	Aoryzae.KBP3_chr4:3398000-3611000	KBP3:HTR16	213001	;DUF3723;DUF3723;DUF3435;PLP	DUF3435
KBP3:HTR6	Aoryzae.KBP3_chr7:2883000-4314074	KBP3:HTR28	1431075	;DUF3435;MYB/SANT;DUF3723;DUF3435;DUF3435;DUF6066;DUF6066;PLP;PLP;DUF6066	DUF3435_MYB/SANT
KSS2:HTR1	Aoryzae.KSS2_chr1:4258000-4357000	KSS2:HTR2	99001	;DUF3435;DUF3723	DUF3435
KSS2:HTR2	Aoryzae.KSS2_chr1:5690000-5968975	KSS2:HTR4	278976	;DUF3435;DUF6066	DUF3435
KSS2:HTR3	Aoryzae.KSS2_chr2:877000-940000	KSS2:HTR6	63001	;DUF3435;MYB/SANT	DUF3435_MYB/SANT
KSS2:HTR4	Aoryzae.KSS2_chr5:308000-370000	KSS2:HTR18	62001	;DUF3435;DUF3723;DUF3435;MYB/SANT;PLP	DUF3435_MYB/SANT
KSS2:HTR6	Aoryzae.KSS2_chr8:873000-914000	KSS2:HTR29	41001	;DUF3435;MYB/SANT	DUF3435_MYB/SANT
KSS2:HTR7	Aoryzae.KSS2_chr8:1629000-1825000	KSS2:HTR31	196001	;DUF3435;DUF3723;DUF3723;DUF3435;PLP	DUF3435
KSS2:HTR8	Aoryzae.KSS2_chr8:4084000-4250372	KSS2:HTR33	166373	;DUF3435;DUF3723;DUF3435;DUF3435;PLP	DUF3435
RIB40:HTR1	Aoryzae.RIB40_chr4:3305000-3399000	RIB40:HTR14	94001	;DUF3435;DUF3723;DUF3435;DUF3435	DUF3435
RIB40:HTR2	Aoryzae.RIB40_chr4:4535000-4674000	RIB40:HTR15	139001	;DUF3435;DUF3723;DUF3723;PLP	DUF3435
RIB40:HTR4	Aoryzae.RIB40_chr6:3726000-3770000	RIB40:HTR23	44001	;DUF3435;MYB/SANT	DUF3435_MYB/SANT
RIB40:HTR5	Aoryzae.RIB40_chr6:3823000-3933000	RIB40:HTR24	110001	;DUF3435;DUF3435;DUF3723;DUF3435;PLP	DUF3435
RIB40:HTR6	Aoryzae.RIB40_chr8:2521000-2778000	RIB40:HTR31	257001	;DUF3435-MYB/SANT;DUF3723;PLP;PLP	DUF3435_MYB/SANT
MRI410:HTR1	Aparasiticus.MRI410_JAMRJN010000044:387000-422000	MRI410:HTR29	35001	;DUF3723	Neither
SMF134:HTR1	Asojae.SMF134_CP035523:370000-404000	SMF134:HTR1	34001	;DUF6066	Neither
SMF134:HTR2	Asojae.SMF134_CP035524:909000-981000	SMF134:HTR5	72001	;DUF3435	DUF3435
SMF134:HTR3	Asojae.SMF134_CP035524:3221000-3625239	SMF134:HTR9	404240	;DUF3723;MYB/SANT;DUF3435;PLP	DUF3435_MYB/SANT
SMF134:HTR4	Asojae.SMF134_CP035525:0-223000	SMF134:HTR10	223000	;MYB/SANT;DUF3435	DUF3435_MYB/SANT
SMF134:HTR5	Asojae.SMF134_CP035525:767000-934000	SMF134:HTR11	167001	;MYB/SANT;DUF3435;DUF3723;DUF3435	DUF3435_MYB/SANT
SMF134:HTR6	Asojae.SMF134_CP035526:699000-735000	SMF134:HTR17	36001	;DUF6066	Neither
SMF134:HTR7	Asojae.SMF134_CP035528:0-481000	SMF134:HTR29	481000	;DUF3723;DUF3723;DUF3435;DUF3435;DUF3435;DUF3723;DUF3723;DUF3435;PLP;PLP;PLP	DUF3435
SMF134:HTR8	Asojae.SMF134_CP035528:5337000-5932919	SMF134:HTR34	595920	;DUF3435;DUF3723;DUF3435;DUF3435;DUF3435;PLP;PLP	DUF3435
A1160:HTR1	Afumigatus.A1160_CM044374:2952000-3033000	A1160:HTR4	81001	;DUF3435;DUF3723;DUF3435;MYB/SANT;PLP	DUF3435_MYB/SANT
A1160:HTR3	Afumigatus.A1160_CM044375:2932000-3002000	A1160:HTR8	70001	;DUF3435;DUF3723;DUF3435;MYB/SANT;MYB/SANT	DUF3435_MYB/SANT
A1160:HTR4	Afumigatus.A1160_CM044375:3090000-3183000	A1160:HTR9	93001	;DUF3435;MYB/SANT	DUF3435_MYB/SANT
A1160:HTR5	Afumigatus.A1160_CM044377:176000-295000	A1160:HTR13	119001	;DUF3435;DUF3723;MYB/SANT;DUF3723;PLP	DUF3435_MYB/SANT
A1160:HTR6	Afumigatus.A1160_CM044377:1199000-1339000	A1160:HTR14	140001	;DUF3723;DUF3435	DUF3435
A1160:HTR7	Afumigatus.A1160_CM044377:3316000-3372000	A1160:HTR16	56001	;DUF3723;DUF3435	DUF3435
A1160:HTR8	Afumigatus.A1160_CM044377:3556000-3848584	A1160:HTR17	292585	;DUF3435;DUF6066	DUF3435
A1160:HTR9	Afumigatus.A1160_CM044378:1710000-1884753	A1160:HTR19	174754	;DUF3435	DUF3435
A1160:HTR10	Afumigatus.A1160_CM044379:1733000-1944132	A1160:HTR22	211133	;DUF3435;PLP;DUF6066	DUF3435
A1160:HTR11	Afumigatus.A1160_JAMZMV010000008:610000-758978	A1160:HTR24	148979	;DUF3435;MYB/SANT	DUF3435_MYB/SANT
Af293:HTR1	Afumigatus.Af293_CM000169:0-396000	Af293:HTR1	396000	;DUF3723;DUF3435;PLP	DUF3435
Af293:HTR2	Afumigatus.Af293_CM000169:4343000-4401000	Af293:HTR3	58001	;DUF3723;DUF3435	DUF3435
Af293:HTR3	Afumigatus.Af293_CM000171:603000-693000	Af293:HTR7	90001	;DUF3435	DUF3435
Af293:HTR4	Afumigatus.Af293_CM000173:3838000-3948441	Af293:HTR14	110442	;MYB/SANT;DUF3723;DUF3435	DUF3435_MYB/SANT
Af293:HTR5	Afumigatus.Af293_CM000174:2214000-2312000	Af293:HTR18	98001	;DUF3435	DUF3435
Af293:HTR6	Afumigatus.Af293_CM000175:1691000-2058334	Af293:HTR21	367335	;DUF3723;DUF3435;DUF3435;DUF3723	DUF3435
Af293:HTR7	Afumigatus.Af293_CM000176:1455000-1545000	Af293:HTR23	90001	;DUF3435;DUF3723;PLP	DUF3435
Afir964:HTR1	Afumigatus.Afir964_CP084977:1931000-1991000	Afir964:HTR8	60001	;DUF3435;MYB/SANT	DUF3435_MYB/SANT
Afir964:HTR2	Afumigatus.Afir964_CP084978:3554000-3587000	Afir964:HTR12	33001	;DUF3435	DUF3435
C6:HTR1	Afumigatus.C6_CASBLW010000001:2696000-2768000	C6:HTR2	72001	;DUF3435;DUF3723	DUF3435
C6:HTR2	Afumigatus.C6_CASBLW010000003:3338000-3529000	C6:HTR10	191001	;DUF3435;DUF3435	DUF3435
C6:HTR3	Afumigatus.C6_CASBLW010000004:1911000-1973000	C6:HTR12	62001	;DUF3435	DUF3435
C6:HTR4	Afumigatus.C6_CASBLW010000005:1429000-1556000	C6:HTR14	127001	;MYB/SANT	MYB/SANT
C6:HTR6	Afumigatus.C6_CASBLW010000007:0-41000	C6:HTR20	41000	;DUF3435	DUF3435
C87:HTR3	Afumigatus.C87_CASBLV010000011:729000-783000	C87:HTR13	54001	;DUF3435	DUF3435
E142:HTR2	Afumigatus.E142_CASBLU010000001:1139000-1215000	E142:HTR3	76001	;DUF3435	DUF3435
IFM58123:HTR1	Aawamori.IFM58123_BDHI01000002:3470000-3602427	IFM58123:HTR14	132428	;DUF3435	DUF3435
IFM58123:HTR2	Aawamori.IFM58123_BDHI01000004:0-125667	IFM58123:HTR16	125667	;PLP;PLP;DUF6066;PLP	Neither
IFM58123:HTR3	Aawamori.IFM58123_BDHI01000007:1072000-1192000	IFM58123:HTR20	120001	;DUF3723;DUF3435;PLP	DUF3435
IFM58123:HTR4	Aawamori.IFM58123_BDHI01000008:1190000-1294970	IFM58123:HTR32	104971	;DUF3723;PLP	Neither
IFM58123:HTR5	Aawamori.IFM58123_BDHI01000011:0-38868	IFM58123:HTR34	38868	;PLP	Neither
IFM58123:HTR6	Aawamori.IFM58123_BDHI01000014:0-226000	IFM58123:HTR35	226000	;DUF3435	DUF3435
IFM58123:HTR7	Aawamori.IFM58123_BDHI01000014:3749000-3780000	IFM58123:HTR39	31001	;DUF6066	Neither
IFM58123:HTR8	Aawamori.IFM58123_BDHI01000017:0-472865	IFM58123:HTR45	472865	;MYB/SANT;DUF3435;MYB/SANT	DUF3435_MYB/SANT
IFM58123:HTR9	Aawamori.IFM58123_BDHI01000021:3182000-3722754	IFM58123:HTR52	540755	;MYB/SANT;PLP	MYB/SANT
IFM58123:HTR10	Aawamori.IFM58123_BDHI01000022:591000-1036994	IFM58123:HTR55	445995	;DUF3435;DUF3723;DUF3723;DUF3723;DUF3435	DUF3435
IFM58123:HTR11	Aawamori.IFM58123_BDHI01000024:0-62700	IFM58123:HTR56	62700	;DUF3723	Neither
IFM58123:HTR12	Aawamori.IFM58123_BDHI01000028:378000-438000	IFM58123:HTR58	60001	;DUF3435	DUF3435
IFM58123:HTR13	Aawamori.IFM58123_BDHI01000029:632000-922000	IFM58123:HTR66	290001	;DUF3723;DUF3435;PLP	DUF3435
IFM58123:HTR14	Aawamori.IFM58123_BDHI01000029:2935000-3037249	IFM58123:HTR71	102250	;DUF3435;PLP	DUF3435
IFM58123:HTR15	Aawamori.IFM58123_BDHI01000031:0-57368	IFM58123:HTR73	57368	;PLP;PLP	Neither
IFO4308:HTR1	Aluchuensis.IFO4308_AP024427:0-277000	IFO4308:HTR12	277000	;DUF3435;DUF3435	DUF3435
IFO4308:HTR2	Aluchuensis.IFO4308_AP024427:4321000-4655000	IFO4308:HTR15	334001	;DUF3723;DUF3435;DUF3435;DUF3723;DUF3435;PLP	DUF3435
IFO4308:HTR3	Aluchuensis.IFO4308_AP024429:215000-1639000	IFO4308:HTR23	1424001	;DUF3723;DUF3723;DUF3723;MYB/SANT;DUF3435;DUF3723;DUF3723;DUF3435;PLP;PLP;PLP;PLP;PLP;DUF6066;PLP	DUF3435_MYB/SANT
IFO4308:HTR4	Aluchuensis.IFO4308_AP024429:5474000-5539000	IFO4308:HTR30	65001	;DUF3435;DUF3723	DUF3435
JA-B-2022:HTR1	Aniger.JA-B-2022_JAPVOS010000002:3637000-3668000	JA-B-2022:HTR11	31001	;DUF6066	Neither
KJC3:HTR1	Aniger.KJC3_CM056481:0-227000	KJC3:HTR1	227000	;DUF3435;DUF3723;PLP	DUF3435
KJC3:HTR2	Aniger.KJC3_CM056481:3602000-4135556	KJC3:HTR5	533557	;DUF3723;DUF3435;DUF3723;DUF3435;PLP;DUF6066;PLP	DUF3435
KJC3:HTR3	Aniger.KJC3_CM056483:258000-1138000	KJC3:HTR21	880001	;DUF3435;DUF3723;DUF3723;DUF3435;DUF3435;DUF6066;PLP;PLP	DUF3435
KJC3:HTR4	Aniger.KJC3_CM056483:2031000-2219000	KJC3:HTR23	188001	;DUF3435;DUF3723;PLP	DUF3435
KJC3:HTR5	Aniger.KJC3_CM056483:4666000-5262000	KJC3:HTR30	596001	;DUF3435;DUF3723;DUF3723;DUF3723;DUF3723;DUF3435;DUF3723;PLP;PLP;PLP;PLP	DUF3435
KJC3:HTR6	Aniger.KJC3_CM056486:3597000-4548000	KJC3:HTR49	951001	;DUF3723;MYB/SANT;DUF3435;MYB/SANT;DUF3723;DUF3723;DUF3435;DUF3723;DUF3435;PLP;DUF6066;PLP;PLP;PLP	DUF3435_MYB/SANT
KJC3:HTR7	Aniger.KJC3_CM056487:580000-728000	KJC3:HTR54	148001	;DUF3723;DUF3435;PLP	DUF3435
KJC3:HTR8	Aniger.KJC3_CM056487:3345000-3679000	KJC3:HTR61	334001	;DUF3723;DUF3435;PLP	DUF3435
KJC3:HTR9	Aniger.KJC3_JAPVRD010000009:0-379979	KJC3:HTR70	379979	;DUF3723;DUF3435;MYB/SANT;DUF3723;PLP;PLP;PLP	DUF3435_MYB/SANT
KJC3:HTR11	Aniger.KJC3_JAPVRD010000012:0-305442	KJC3:HTR72	305442	;MYB/SANT;DUF3435;DUF6066	DUF3435_MYB/SANT
KJC3:HTR12	Aniger.KJC3_JAPVRD010000013:0-206084	KJC3:HTR73	206084	;DUF6066;PLP	Neither
KJC3:HTR13	Aniger.KJC3_JAPVRD010000014:0-130519	KJC3:HTR74	130519	;DUF3723;DUF3723	Neither
KJC3:HTR14	Aniger.KJC3_JAPVRD010000015:0-277489	KJC3:HTR75	277489	;MYB/SANT;DUF3723;PLP	MYB/SANT
KYF3:HTR1	Aniger.KYF3_CM056478:594000-983000	KYF3:HTR37	389001	;DUF3435;DUF3723;MYB/SANT;PLP;PLP	DUF3435_MYB/SANT
KYF3:HTR2	Aniger.KYF3_CM056478:3914000-4140000	KYF3:HTR40	226001	;DUF3435;DUF3723;DUF3435;DUF3435;PLP;PLP	DUF3435
KYF3:HTR3	Aniger.KYF3_CM056480:542000-1061000	KYF3:HTR55	519001	;DUF3435;DUF3723;DUF3435	DUF3435
KYF3:HTR4	Aniger.KYF3_JAPVRE010000009:0-509400	KYF3:HTR61	509400	;DUF3435;DUF3435;DUF3723;DUF3723;DUF3435;PLP	DUF3435
KYF3:HTR5	Aniger.KYF3_JAPVRE010000010:0-827971	KYF3:HTR62	827971	;DUF3723;DUF3723;DUF3723;PLP;PLP;PLP	Neither
WU-2020:HTR2	Aniger.WU-2020_BQMC01000002:828000-994000	WU-2020:HTR9	166001	;DUF3435;DUF3723;DUF3435;DUF3723;PLP	DUF3435
WU-2020:HTR3	Aniger.WU-2020_BQMC01000002:4000000-4281074	WU-2020:HTR18	281075	;DUF3435;DUF3723;PLP	DUF3435
WU-2020:HTR4	Aniger.WU-2020_BQMC01000009:282000-339000	WU-2020:HTR58	57001	;DUF3435	DUF3435
WU-2020:HTR5	Aniger.WU-2020_BQMC01000010:0-100492	WU-2020:HTR65	100492	;DUF3723;DUF3723;DUF6066	Neither
C2-2:HTR1	Atubingensis.C2-2_JAAFZZ010000006:1545000-1648000	C2-2:HTR38	103001	;DUF3723	Neither
WU-2223L:HTR1	Atubingensis.WU-2223L_BLWE01000005:307000-496000	WU-2223L:HTR18	189001	;PLP	Neither
WU-2223L:HTR2	Atubingensis.WU-2223L_BLWE01000013:1386000-1448135	WU-2223L:HTR47	62136	;DUF6066	Neither
DSM62840:HTR1	Pdigitatum.DSM62840_JAAQRF020000011:1443000-1548000	DSM62840:HTR7	105001	;DUF3723;CRG	Neither
DSM62840:HTR2	Pdigitatum.DSM62840_JAAQRF020000011:1752000-1825000	DSM62840:HTR9	73001	;DUF3723;DUF3723	Neither
DSM62840:HTR4	Pdigitatum.DSM62840_JAAQRF020000022:2152000-2299000	DSM62840:HTR26	147001	;DUF3723;DUF3723	Neither
PdW03:HTR1	Pdigitatum.PdW03_CP060774:3436000-3467000	PdW03:HTR7	31001	;MYB/SANT	MYB/SANT
PdW03:HTR2	Pdigitatum.PdW03_CP060774:4599000-4681000	PdW03:HTR8	82001	;DUF3435;PLP	DUF3435
PdW03:HTR4	Pdigitatum.PdW03_CP060774:7766000-7894430	PdW03:HTR13	128431	;DUF3723;CRG	Neither
PdW03:HTR5	Pdigitatum.PdW03_CP060775:0-139000	PdW03:HTR14	139000	;DUF3435;DUF3435;DUF3723	DUF3435
PdW03:HTR6	Pdigitatum.PdW03_CP060775:210000-286000	PdW03:HTR15	76001	;MYB/SANT;PLP	MYB/SANT
PdW03:HTR7	Pdigitatum.PdW03_CP060776:1381000-1469000	PdW03:HTR29	88001	;DUF3435;PLP	DUF3435
PdW03:HTR8	Pdigitatum.PdW03_CP060776:2951000-3021000	PdW03:HTR32	70001	;MYB/SANT	MYB/SANT
PdW03:HTR9	Pdigitatum.PdW03_CP060778:582000-667000	PdW03:HTR50	85001	;DUF3435	DUF3435
PdW03:HTR10	Pdigitatum.PdW03_CP060778:1481000-1549000	PdW03:HTR53	68001	;DUF3435	DUF3435
PdW03:HTR11	Pdigitatum.PdW03_CP060779:1861000-1940000	PdW03:HTR62	79001	;DUF3435;DUF3435	DUF3435
PdW03:HTR12	Pdigitatum.PdW03_CP060779:2800000-2910000	PdW03:HTR64	110001	;DUF3723;DUF3723	Neither
IBT35385:HTR1	Pexpansum.IBT35385_JAPWDR010000004:1731000-1801483	IBT35385:HTR61	70484	;PLP	Neither
IBT35385:HTR2	Pexpansum.IBT35385_JAPWDR010000005:7625000-7854000	IBT35385:HTR83	229001	;DUF3723;DUF3435;PLP	DUF3435
IBT35385:HTR3	Pexpansum.IBT35385_JAPWDR010000006:230000-502000	IBT35385:HTR86	272001	;DUF3435;DUF3723;DUF3723;DUF3723;MYB/SANT;PLP	DUF3435_MYB/SANT
IBT35385:HTR4	Pexpansum.IBT35385_JAPWDR010000008:891000-995576	IBT35385:HTR107	104577	;CRG	Neither
R19:HTR1	Pexpansum.R19_REGB01000006:3970000-4578000	R19:HTR38	608001	;DUF3435;DUF3723;PLP;PLP	DUF3435
R19:HTR2	Pexpansum.R19_REGB01000008:0-125000	R19:HTR44	125000	;CRG	Neither
R19:HTR3	Pexpansum.R19_REGB01000016:7261000-7317000	R19:HTR116	56001	;DUF6066	Neither
LCP06133:HTR1	Proqueforti.LCP06133_contig1:1645000-1746000	LCP06133:HTR2	101001	;DUF3435;DUF3723;MYB/SANT	DUF3435_MYB/SANT
LCP06133:HTR3	Proqueforti.LCP06133_contig1:8289000-8507923	LCP06133:HTR9	218924	;DUF3435;MYB/SANT	DUF3435_MYB/SANT
LCP06133:HTR4	Proqueforti.LCP06133_contig2:2801000-2928000	LCP06133:HTR15	127001	;MYB/SANT;DUF3723;DUF3435	DUF3435_MYB/SANT
LCP06133:HTR5	Proqueforti.LCP06133_contig2:6047000-6219000	LCP06133:HTR16	172001	;DUF3435	DUF3435
LCP06133:HTR6	Proqueforti.LCP06133_contig2:7752000-8020000	LCP06133:HTR18	268001	;DUF3435;DUF3435;DUF3435;MYB/SANT;PLP;PLP;CRG;PLP	DUF3435_MYB/SANT
LCP06133:HTR8	Proqueforti.LCP06133_contig3:7524000-7722739	LCP06133:HTR25	198740	;DUF3435;DUF3723;MYB/SANT;MYB/SANT	DUF3435_MYB/SANT
LCP06133:HTR9	Proqueforti.LCP06133_contig4:1869000-2036000	LCP06133:HTR27	167001	;DUF3435;DUF3723	DUF3435
LCP06133:HTR10	Proqueforti.LCP06133_contig4:3614000-3736000	LCP06133:HTR32	122001	;MYB/SANT;DUF3435	DUF3435_MYB/SANT
LCP06136:HTR1	Proqueforti.LCP06136_contig1:2618000-2747000	LCP06136:HTR4	129001	;MYB/SANT;DUF3435;PLP	DUF3435_MYB/SANT
LCP06136:HTR2	Proqueforti.LCP06136_contig1:7851000-7949000	LCP06136:HTR7	98001	;DUF3435;DUF3723	DUF3435
LCP06136:HTR3	Proqueforti.LCP06136_contig2:217000-316000	LCP06136:HTR9	99001	;MYB/SANT;DUF3435	DUF3435_MYB/SANT
LCP06136:HTR4	Proqueforti.LCP06136_contig2:7138000-7211378	LCP06136:HTR15	73379	;DUF3435	DUF3435
LCP06136:HTR5	Proqueforti.LCP06136_contig4:2825000-2957000	LCP06136:HTR24	132001	;DUF3723;DUF3435;PLP	DUF3435
ATCC20542:HTR1	Aterreus.ATCC20542_JAAWWR010000002:878000-1104000	ATCC20542:HTR2	226001	;DUF3435;DUF3723;PLP	DUF3435
ATCC20542:HTR2	Aterreus.ATCC20542_JAAWWR010000005:2157000-2249000	ATCC20542:HTR14	92001	;DUF3723;DUF3435;PLP	DUF3435
ATCC20542:HTR3	Aterreus.ATCC20542_JAAWWR010000005:3937000-4095360	ATCC20542:HTR16	158361	;DUF3435	DUF3435
M6925:HTR1	Aterreus.M6925_RAIK01000007:0-59000	M6925:HTR5	59000	;DUF3435	DUF3435
M6925:HTR2	Aterreus.M6925_RAIK01000007:839000-1025000	M6925:HTR6	186001	;DUF3435	DUF3435
M6925:HTR3	Aterreus.M6925_RAIK01000015:0-313000	M6925:HTR12	313000	;DUF3435;DUF3723;DUF3435;MYB/SANT;PLP	DUF3435_MYB/SANT
M6925:HTR4	Aterreus.M6925_RAIK01000017:8000-57755	M6925:HTR17	49756	;DUF3723	Neither
M6925:HTR5	Aterreus.M6925_RAIK01000022:0-36000	M6925:HTR18	36000	;DUF3435	DUF3435
M6925:HTR6	Aterreus.M6925_RAIK01000023:0-260000	M6925:HTR22	260000	;DUF3723;DUF3723;PLP	Neither
M6925:HTR7	Aterreus.M6925_RAIK01000029:0-114000	M6925:HTR27	114000	;DUF3435;PLP	DUF3435
M6925:HTR8	Aterreus.M6925_RAIK01000030:145000-248000	M6925:HTR30	103001	;DUF3723;DUF3435;PLP	DUF3435
M6925:HTR9	Aterreus.M6925_RAIK01000032:0-233290	M6925:HTR32	233290	;DUF3723;DUF3435;DUF3723;DUF3435;PLP	DUF3435
